timestamp,stonewall_bytes_moved,access,bw(mib/s),iops,latency(s),block(kib),xfer(kib),open(s),wr/rd(s),close(s),total(s),iter,start,ordering,nodes,nproc,ppn,xfersize,aggsize_bytes,end,filename
1626295197.0,2538655744.0,read,52.65,13481.0,6e-06,28311552.0,4.0,0.006189,45.97,5.4e-05,45.98,0,1626295197.0,random,1,16,16,4096.0,463856467968.0,1626295243,ior-n1p16T45-read.0.out
1626295318.0,2551287808.0,read,52.93,13549.0,6e-06,28311552.0,4.0,0.002048,45.97,5.4e-05,45.97,0,1626295318.0,random,1,16,16,4096.0,463856467968.0,1626295364,ior-n1p16T45-read.1.out
1626295438.0,2557603840.0,read,53.05,13582.0,6e-06,28311552.0,4.0,0.001281,45.97,5.7e-05,45.98,0,1626295438.0,random,1,16,16,4096.0,463856467968.0,1626295484,ior-n1p16T45-read.2.out
1626295558.0,2566692864.0,read,53.25,13632.0,6e-06,28311552.0,4.0,0.000422,45.97,5.5e-05,45.97,0,1626295558.0,random,1,16,16,4096.0,463856467968.0,1626295604,ior-n1p16T45-read.3.out
1626295678.0,2577719296.0,read,53.46,13686.0,6e-06,28311552.0,4.0,0.001128,45.98,5.4e-05,45.99,0,1626295678.0,random,1,16,16,4096.0,463856467968.0,1626295724,ior-n1p16T45-read.4.out
1621372730.0,80767234048.0,write,388.31,99431.0,1.8e-05,28311552.0,4.0,0.047519,198.31,0.000513,198.36,0,1621372730.0,random,1,16,16,4096.0,463856467968.0,1621372930,ior-n1p16T45-write.0.out
1625089530.0,83340087296.0,write,363.62,93103.0,1.3e-05,28311552.0,4.0,0.039022,218.54,0.000435,218.58,0,1625089530.0,random,1,16,16,4096.0,463856467968.0,1625089750,ior-n1p16T45-write.1.out
1625089821.0,81531805696.0,write,287.09,73508.0,2.7e-05,28311552.0,4.0,0.042147,270.79,0.000502,270.83,0,1625089821.0,random,1,16,16,4096.0,463856467968.0,1625090093,ior-n1p16T45-write.2.out
1625090155.0,83905576960.0,write,355.28,90969.0,1.9e-05,28311552.0,4.0,0.040833,225.18,0.000488,225.22,0,1625090154.0,random,1,16,16,4096.0,463856467968.0,1625090382,ior-n1p16T45-write.3.out
1625090395.0,86385266688.0,write,464.13,118845.0,1.7e-05,28311552.0,4.0,0.040169,177.46,0.000478,177.5,0,1625090395.0,random,1,16,16,4096.0,463856467968.0,1625090575,ior-n1p16T45-write.4.out
1626297599.0,136257536.0,read,2.86,731.95,6e-06,28311552.0,4.0,0.002229,45.45,1.4e-05,45.45,0,1626297599.0,random,1,1,1,4096.0,28991029248.0,1626297644,ior-n1p1T45-read.0.out
1626297719.0,140341248.0,read,2.94,753.71,6e-06,28311552.0,4.0,0.000147,45.46,1.3e-05,45.46,0,1626297719.0,random,1,1,1,4096.0,28991029248.0,1626297764,ior-n1p1T45-read.1.out
1626297839.0,142389248.0,read,2.99,764.48,6e-06,28311552.0,4.0,0.000241,45.47,1.3e-05,45.47,0,1626297839.0,random,1,1,1,4096.0,28991029248.0,1626297884,ior-n1p1T45-read.2.out
1626297959.0,139587584.0,read,2.93,749.81,6e-06,28311552.0,4.0,0.000151,45.45,1.3e-05,45.45,0,1626297959.0,random,1,1,1,4096.0,28991029248.0,1626298004,ior-n1p1T45-read.3.out
1626298079.0,141676544.0,read,2.97,760.85,6e-06,28311552.0,4.0,0.000167,45.46,1.3e-05,45.46,0,1626298079.0,random,1,1,1,4096.0,28991029248.0,1626298125,ior-n1p1T45-read.4.out
1621373689.0,9564348416.0,write,55.18,14126.0,2.3e-05,28311552.0,4.0,0.003374,165.3,0.000581,165.3,0,1621373689.0,random,1,1,1,4096.0,28991029248.0,1621373855,ior-n1p1T45-write.0.out
1625093997.0,9639751680.0,write,54.72,14009.0,2.4e-05,28311552.0,4.0,0.003213,167.99,0.00036,168.0,0,1625093997.0,random,1,1,1,4096.0,28991029248.0,1625094166,ior-n1p1T45-write.1.out
1625094368.0,9600782336.0,write,54.14,13859.0,2.4e-05,28311552.0,4.0,0.003173,169.13,0.000309,169.13,0,1625094368.0,random,1,1,1,4096.0,28991029248.0,1625094538,ior-n1p1T45-write.2.out
1625094609.0,9588932608.0,write,52.34,13400.0,2.5e-05,28311552.0,4.0,0.003379,174.71,0.000259,174.71,0,1625094609.0,random,1,1,1,4096.0,28991029248.0,1625094784,ior-n1p1T45-write.3.out
1625094849.0,9583693824.0,write,54.23,13883.0,2.4e-05,28311552.0,4.0,0.003137,168.53,0.000286,168.53,0,1625094849.0,random,1,1,1,4096.0,28991029248.0,1625095018,ior-n1p1T45-write.4.out
1626296997.0,335716352.0,read,6.96,1782.02,6e-06,28311552.0,4.0,0.000645,45.99,1.5e-05,45.99,0,1626296997.0,random,1,2,2,4096.0,57982058496.0,1626297043,ior-n1p2T45-read.0.out
1626297117.0,330547200.0,read,6.87,1758.85,6e-06,28311552.0,4.0,0.002766,45.88,1.4e-05,45.89,0,1626297117.0,random,1,2,2,4096.0,57982058496.0,1626297163,ior-n1p2T45-read.1.out
1626297238.0,327200768.0,read,6.8,1742.09,6e-06,28311552.0,4.0,0.000294,45.85,1.5e-05,45.85,0,1626297238.0,random,1,2,2,4096.0,57982058496.0,1626297283,ior-n1p2T45-read.2.out
1626297357.0,330031104.0,read,6.86,1756.65,6e-06,28311552.0,4.0,0.001913,45.87,1.3e-05,45.87,0,1626297357.0,random,1,2,2,4096.0,57982058496.0,1626297403,ior-n1p2T45-read.3.out
1626297480.0,367022080.0,read,7.64,1954.64,6e-06,28311552.0,4.0,0.000234,45.84,1.3e-05,45.84,0,1626297480.0,random,1,2,2,4096.0,57982058496.0,1626297525,ior-n1p2T45-read.4.out
1621373569.0,9772056576.0,write,87.69,22451.0,1.5e-05,28311552.0,4.0,0.005483,106.26,0.000424,106.27,0,1621373569.0,random,1,2,2,4096.0,57982058496.0,1621373676,ior-n1p2T45-write.0.out
1625092934.0,9534410752.0,write,87.41,22378.0,1.5e-05,28311552.0,4.0,0.005512,104.02,0.001503,104.03,0,1625092934.0,random,1,2,2,4096.0,57982058496.0,1625093038,ior-n1p2T45-write.1.out
1625093172.0,9472102400.0,write,83.36,21341.0,1.5e-05,28311552.0,4.0,0.005804,108.36,0.000633,108.37,0,1625093172.0,random,1,2,2,4096.0,57982058496.0,1625093281,ior-n1p2T45-write.2.out
1625093410.0,9492279296.0,write,87.51,22405.0,1.4e-05,28311552.0,4.0,0.006321,103.43,0.001326,103.44,0,1625093410.0,random,1,2,2,4096.0,57982058496.0,1625093514,ior-n1p2T45-write.3.out
1625093669.0,9490427904.0,write,79.23,20284.0,1.6e-05,28311552.0,4.0,0.005948,114.23,0.000687,114.24,0,1625093669.0,random,1,2,2,4096.0,57982058496.0,1625093783,ior-n1p2T45-write.4.out
1626296397.0,651743232.0,read,13.51,3459.58,6e-06,28311552.0,4.0,0.000357,45.99,2.8e-05,45.99,0,1626296397.0,random,1,4,4,4096.0,115964116992.0,1626296443,ior-n1p4T45-read.0.out
1626296517.0,659001344.0,read,13.66,3498.04,6e-06,28311552.0,4.0,0.003061,45.99,0.0003,46.0,0,1626296517.0,random,1,4,4,4096.0,115964116992.0,1626296563,ior-n1p4T45-read.1.out
1626296637.0,655704064.0,read,13.6,3481.39,6e-06,28311552.0,4.0,0.00036,45.98,3.4e-05,45.98,0,1626296637.0,random,1,4,4,4096.0,115964116992.0,1626296683,ior-n1p4T45-read.2.out
1626296758.0,662249472.0,read,13.73,3515.08,6e-06,28311552.0,4.0,0.003767,46.0,2.3e-05,46.0,0,1626296758.0,random,1,4,4,4096.0,115964116992.0,1626296804,ior-n1p4T45-read.3.out
1626296878.0,670408704.0,read,13.9,3557.71,6e-06,28311552.0,4.0,0.002644,46.01,2.2e-05,46.01,0,1626296878.0,random,1,4,4,4096.0,115964116992.0,1626296924,ior-n1p4T45-read.4.out
1621373329.0,19030970368.0,write,90.1,23068.0,2.8e-05,28311552.0,4.0,0.010613,201.42,0.001001,201.43,0,1621373329.0,random,1,4,4,4096.0,115964116992.0,1621373531,ior-n1p4T45-write.0.out
1625091977.0,24576348160.0,write,112.01,28676.0,3e-05,28311552.0,4.0,0.010783,209.24,0.000955,209.25,0,1625091977.0,random,1,4,4,4096.0,115964116992.0,1625092187,ior-n1p4T45-write.1.out
1625092207.0,18995449856.0,write,163.9,41963.0,1.5e-05,28311552.0,4.0,0.009909,110.51,0.001016,110.53,0,1625092207.0,random,1,4,4,4096.0,115964116992.0,1625092318,ior-n1p4T45-write.2.out
1625092457.0,19080536064.0,write,157.6,40349.0,1.6e-05,28311552.0,4.0,0.010353,115.45,0.000531,115.46,0,1625092457.0,random,1,4,4,4096.0,115964116992.0,1625092574,ior-n1p4T45-write.3.out
1625092723.0,19235205120.0,write,164.26,42054.0,1.5e-05,28311552.0,4.0,0.009815,111.67,0.000555,111.68,0,1625092723.0,random,1,4,4,4096.0,115964116992.0,1625092836,ior-n1p4T45-write.4.out
1626295797.0,1269637120.0,read,26.36,6749.0,6e-06,28311552.0,4.0,0.000451,45.93,3.2e-05,45.93,0,1626295797.0,random,1,8,8,4096.0,231928233984.0,1626295843,ior-n1p8T45-read.0.out
1626295917.0,1276260352.0,read,26.5,6783.0,6e-06,28311552.0,4.0,0.000406,45.94,2.9e-05,45.94,0,1626295917.0,random,1,8,8,4096.0,231928233984.0,1626295963,ior-n1p8T45-read.1.out
1626296037.0,1283362816.0,read,26.65,6822.0,6e-06,28311552.0,4.0,0.000358,45.93,3.7e-05,45.93,0,1626296037.0,random,1,8,8,4096.0,231928233984.0,1626296083,ior-n1p8T45-read.2.out
1626296157.0,1308430336.0,read,27.16,6954.0,6e-06,28311552.0,4.0,0.003239,45.94,3.5e-05,45.94,0,1626296157.0,random,1,8,8,4096.0,231928233984.0,1626296203,ior-n1p8T45-read.3.out
1626296277.0,1314725888.0,read,27.25,6976.0,7e-06,28311552.0,4.0,0.000855,46.01,3.9e-05,46.01,0,1626296277.0,random,1,8,8,4096.0,231928233984.0,1626296323,ior-n1p8T45-read.4.out
1621372969.0,50367774720.0,write,180.07,46103.0,3.1e-05,28311552.0,4.0,0.022154,266.73,0.000475,266.75,0,1621372969.0,random,1,8,8,4096.0,231928233984.0,1621373238,ior-n1p8T45-write.0.out
1625090635.0,38165090304.0,write,170.36,43616.0,1.6e-05,28311552.0,4.0,0.019521,213.63,0.000453,213.65,0,1625090635.0,random,1,8,8,4096.0,231928233984.0,1625090850,ior-n1p8T45-write.1.out
1625090895.0,40226709504.0,write,174.98,44800.0,3.1e-05,28311552.0,4.0,0.021733,219.22,0.001357,219.24,0,1625090895.0,random,1,8,8,4096.0,231928233984.0,1625091115,ior-n1p8T45-write.2.out
1625091300.0,40167161856.0,write,181.13,46374.0,1.5e-05,28311552.0,4.0,0.019393,211.46,0.000914,211.49,0,1625091300.0,random,1,8,8,4096.0,231928233984.0,1625091513,ior-n1p8T45-write.3.out
1625091731.0,40359301120.0,write,181.42,46449.0,2.9e-05,28311552.0,4.0,0.019907,212.13,0.000711,212.16,0,1625091731.0,random,1,8,8,4096.0,231928233984.0,1625091944,ior-n1p8T45-write.4.out
1626292196.0,5129789440.0,read,106.24,27199.0,6e-06,28311552.0,4.0,0.001894,46.05,5.8e-05,46.05,0,1626292196.0,random,2,32,16,4096.0,927712935936.0,1626292242,ior-n2p16T45-read.0.out
1626292316.0,5106503680.0,read,105.72,27066.0,6e-06,28311552.0,4.0,0.001919,46.06,5.6e-05,46.06,0,1626292316.0,random,2,32,16,4096.0,927712935936.0,1626292362,ior-n2p16T45-read.1.out
1626292436.0,5155278848.0,read,106.77,27335.0,6e-06,28311552.0,4.0,0.001669,46.04,8e-05,46.05,0,1626292436.0,random,2,32,16,4096.0,927712935936.0,1626292482,ior-n2p16T45-read.2.out
1626292556.0,5152092160.0,read,105.89,27109.0,6e-06,28311552.0,4.0,0.00179,46.4,6.6e-05,46.4,0,1626292556.0,random,2,32,16,4096.0,927712935936.0,1626292602,ior-n2p16T45-read.3.out
1626292676.0,5210398720.0,read,107.27,27463.0,6e-06,28311552.0,4.0,0.001755,46.32,6.3e-05,46.32,0,1626292676.0,random,2,32,16,4096.0,927712935936.0,1626292723,ior-n2p16T45-read.4.out
1621371288.0,149702111232.0,write,472.39,120953.0,3.2e-05,28311552.0,4.0,0.049078,302.17,0.002964,302.22,0,1621371288.0,random,2,32,16,4096.0,927712935936.0,1621371592,ior-n2p16T45-write.0.out
1625084152.0,148127211520.0,write,510.28,130656.0,3.8e-05,28311552.0,4.0,0.048964,276.79,0.000458,276.84,0,1625084152.0,random,2,32,16,4096.0,927712935936.0,1625084430,ior-n2p16T45-write.1.out
1625084512.0,149151248384.0,write,356.35,91245.0,5.6e-05,28311552.0,4.0,0.078606,399.08,0.00295,399.16,0,1625084512.0,random,2,32,16,4096.0,927712935936.0,1625084913,ior-n2p16T45-write.2.out
1625084992.0,150673465344.0,write,414.13,106034.0,3.3e-05,28311552.0,4.0,0.053705,346.92,0.000655,346.98,0,1625084992.0,random,2,32,16,4096.0,927712935936.0,1625085341,ior-n2p16T45-write.3.out
1625085352.0,150743719936.0,write,486.83,124653.0,3.8e-05,28311552.0,4.0,0.057858,295.24,0.0006,295.3,0,1625085352.0,random,2,32,16,4096.0,927712935936.0,1625085650,ior-n2p16T45-write.4.out
1626294596.0,328593408.0,read,6.86,1756.57,6e-06,28311552.0,4.0,0.000853,45.67,2.5e-05,45.67,0,1626294596.0,random,2,2,1,4096.0,57982058496.0,1626294642,ior-n2p1T45-read.0.out
1626294716.0,334409728.0,read,6.98,1786.65,6e-06,28311552.0,4.0,0.003708,45.7,1.8e-05,45.7,0,1626294716.0,random,2,2,1,4096.0,57982058496.0,1626294762,ior-n2p1T45-read.1.out
1626294836.0,335474688.0,read,7.0,1792.74,6e-06,28311552.0,4.0,0.000888,45.69,2.7e-05,45.69,0,1626294836.0,random,2,2,1,4096.0,57982058496.0,1626294882,ior-n2p1T45-read.2.out
1626294956.0,293744640.0,read,6.15,1575.63,6e-06,28311552.0,4.0,0.002784,45.52,2.3e-05,45.52,0,1626294956.0,random,2,2,1,4096.0,57982058496.0,1626295001,ior-n2p1T45-read.3.out
1626295076.0,304111616.0,read,6.37,1630.52,6e-06,28311552.0,4.0,0.000946,45.54,3.4e-05,45.54,0,1626295076.0,random,2,2,1,4096.0,57982058496.0,1626295121,ior-n2p1T45-read.4.out
1621372489.0,19337891840.0,write,111.15,28456.0,2.3e-05,28311552.0,4.0,0.004579,165.91,0.000317,165.92,0,1621372489.0,random,2,2,1,4096.0,57982058496.0,1621372655,ior-n2p1T45-write.0.out
1625088473.0,19086045184.0,write,108.91,27882.0,2.3e-05,28311552.0,4.0,0.005054,167.12,0.000345,167.13,0,1625088473.0,random,2,2,1,4096.0,57982058496.0,1625088641,ior-n2p1T45-write.1.out
1625088713.0,19070574592.0,write,99.53,25480.0,2.6e-05,28311552.0,4.0,0.004813,182.72,0.000419,182.73,0,1625088713.0,random,2,2,1,4096.0,57982058496.0,1625088896,ior-n2p1T45-write.2.out
1625088953.0,19221565440.0,write,110.0,28161.0,2.3e-05,28311552.0,4.0,0.004642,166.64,0.000321,166.64,0,1625088953.0,random,2,2,1,4096.0,57982058496.0,1625089120,ior-n2p1T45-write.3.out
1625089193.0,19152302080.0,write,109.31,27985.0,2.4e-05,28311552.0,4.0,0.004505,167.08,0.000278,167.09,0,1625089193.0,random,2,2,1,4096.0,57982058496.0,1625089361,ior-n2p1T45-write.4.out
1626293996.0,686190592.0,read,14.13,3618.0,6e-06,28311552.0,4.0,0.001264,46.3,0.000304,46.3,0,1626293996.0,random,2,4,2,4096.0,115964116992.0,1626294042,ior-n2p2T45-read.0.out
1626294116.0,673705984.0,read,13.92,3564.31,6e-06,28311552.0,4.0,0.000974,46.15,3.2e-05,46.15,0,1626294116.0,random,2,4,2,4096.0,115964116992.0,1626294162,ior-n2p2T45-read.1.out
1626294236.0,698269696.0,read,14.39,3684.0,6e-06,28311552.0,4.0,0.001087,46.27,4.5e-05,46.28,0,1626294236.0,random,2,4,2,4096.0,115964116992.0,1626294282,ior-n2p2T45-read.2.out
1626294356.0,705404928.0,read,14.54,3722.0,6e-06,28311552.0,4.0,0.003063,46.27,3.4e-05,46.28,0,1626294356.0,random,2,4,2,4096.0,115964116992.0,1626294402,ior-n2p2T45-read.3.out
1626294476.0,707948544.0,read,14.61,3740.0,6e-06,28311552.0,4.0,0.005387,46.21,3.4e-05,46.22,0,1626294476.0,random,2,4,2,4096.0,115964116992.0,1626294522,ior-n2p2T45-read.4.out
1621372249.0,21293428736.0,write,133.88,34276.0,1.4e-05,28311552.0,4.0,0.006747,151.67,0.000395,151.68,0,1621372249.0,random,2,4,2,4096.0,115964116992.0,1621372401,ior-n2p2T45-write.0.out
1625087873.0,18925006848.0,write,161.47,41340.0,1.6e-05,28311552.0,4.0,0.007604,111.76,0.000834,111.77,0,1625087873.0,random,2,4,2,4096.0,115964116992.0,1625087986,ior-n2p2T45-write.1.out
1625087993.0,18543316992.0,write,158.31,40530.0,1.4e-05,28311552.0,4.0,0.008073,111.7,0.000409,111.71,0,1625087993.0,random,2,4,2,4096.0,115964116992.0,1625088105,ior-n2p2T45-write.2.out
1625088113.0,18907176960.0,write,138.61,35487.0,1.8e-05,28311552.0,4.0,0.008474,130.08,0.000467,130.08,0,1625088113.0,random,2,4,2,4096.0,115964116992.0,1625088244,ior-n2p2T45-write.3.out
1625088353.0,18555555840.0,write,171.92,44016.0,1.5e-05,28311552.0,4.0,0.007864,102.92,0.000499,102.93,0,1625088353.0,random,2,4,2,4096.0,115964116992.0,1625088456,ior-n2p2T45-write.4.out
1626293395.0,1321431040.0,read,27.23,6970.0,6e-06,28311552.0,4.0,0.001116,46.29,4.2e-05,46.29,0,1626293395.0,random,2,8,4,4096.0,231928233984.0,1626293442,ior-n2p4T45-read.0.out
1626293516.0,1332752384.0,read,27.52,7046.0,6e-06,28311552.0,4.0,0.002784,46.18,7.1e-05,46.18,0,1626293516.0,random,2,8,4,4096.0,231928233984.0,1626293562,ior-n2p4T45-read.1.out
1626293636.0,1338355712.0,read,27.61,7068.0,6e-06,28311552.0,4.0,0.00106,46.23,4e-05,46.23,0,1626293636.0,random,2,8,4,4096.0,231928233984.0,1626293682,ior-n2p4T45-read.2.out
1626293756.0,1344020480.0,read,27.74,7101.0,6e-06,28311552.0,4.0,0.001391,46.21,4.7e-05,46.21,0,1626293756.0,random,2,8,4,4096.0,231928233984.0,1626293802,ior-n2p4T45-read.3.out
1626293876.0,1333649408.0,read,27.54,7049.0,6e-06,28311552.0,4.0,0.001129,46.19,3.4e-05,46.19,0,1626293876.0,random,2,8,4,4096.0,231928233984.0,1626293922,ior-n2p4T45-read.4.out
1621372009.0,37220786176.0,write,180.66,46252.0,2.8e-05,28311552.0,4.0,0.012429,196.47,0.000863,196.48,0,1621372009.0,random,2,8,4,4096.0,231928233984.0,1621372206,ior-n2p4T45-write.0.out
1625087032.0,38404755456.0,write,275.37,70505.0,1.9e-05,28311552.0,4.0,0.013419,132.99,0.002988,133.0,0,1625087032.0,random,2,8,4,4096.0,231928233984.0,1625087166,ior-n2p4T45-write.1.out
1625087272.0,44320325632.0,write,256.64,65705.0,2.3e-05,28311552.0,4.0,0.013752,164.68,0.000582,164.7,0,1625087272.0,random,2,8,4,4096.0,231928233984.0,1625087438,ior-n2p4T45-write.2.out
1625087512.0,37904003072.0,write,276.11,70692.0,1.8e-05,28311552.0,4.0,0.014497,130.9,0.000467,130.92,0,1625087512.0,random,2,8,4,4096.0,231928233984.0,1625087644,ior-n2p4T45-write.3.out
1625087753.0,37618905088.0,write,309.88,79342.0,1.4e-05,28311552.0,4.0,0.015485,115.76,0.000922,115.77,0,1625087753.0,random,2,8,4,4096.0,231928233984.0,1625087869,ior-n2p4T45-write.4.out
1626292795.0,2545213440.0,read,52.5,13440.0,6e-06,28311552.0,4.0,0.00129,46.23,5.5e-05,46.24,0,1626292795.0,random,2,16,8,4096.0,463856467968.0,1626292842,ior-n2p8T45-read.0.out
1626292915.0,2570338304.0,read,53.2,13620.0,6e-06,28311552.0,4.0,0.002203,46.07,5.7e-05,46.07,0,1626292915.0,random,2,16,8,4096.0,463856467968.0,1626292961,ior-n2p8T45-read.1.out
1626293035.0,2585415680.0,read,53.26,13637.0,6e-06,28311552.0,4.0,0.005909,46.29,5.4e-05,46.29,0,1626293035.0,random,2,16,8,4096.0,463856467968.0,1626293082,ior-n2p8T45-read.2.out
1626293156.0,2594811904.0,read,53.41,13675.0,6e-06,28311552.0,4.0,0.002982,46.33,5.9e-05,46.33,0,1626293156.0,random,2,16,8,4096.0,463856467968.0,1626293202,ior-n2p8T45-read.3.out
1626293276.0,2600747008.0,read,53.67,13740.0,6e-06,28311552.0,4.0,0.002403,46.21,4.7e-05,46.21,0,1626293276.0,random,2,16,8,4096.0,463856467968.0,1626293322,ior-n2p8T45-read.4.out
1621371649.0,85446778880.0,write,318.87,81643.0,1.8e-05,28311552.0,4.0,0.035542,255.52,0.000818,255.55,0,1621371649.0,random,2,16,8,4096.0,463856467968.0,1621371907,ior-n2p8T45-write.0.out
1625085712.0,83288166400.0,write,310.23,79431.0,1.6e-05,28311552.0,4.0,0.033235,256.0,0.001405,256.03,0,1625085712.0,random,2,16,8,4096.0,463856467968.0,1625085970,ior-n2p8T45-write.1.out
1625086072.0,75291627520.0,write,294.02,75279.0,3.3e-05,28311552.0,4.0,0.027348,244.18,0.000735,244.21,0,1625086072.0,random,2,16,8,4096.0,463856467968.0,1625086318,ior-n2p8T45-write.2.out
1625086432.0,78930137088.0,write,286.09,73247.0,2.9e-05,28311552.0,4.0,0.022863,263.08,0.002582,263.11,0,1625086432.0,random,2,16,8,4096.0,463856467968.0,1625086697,ior-n2p8T45-write.3.out
1625086699.0,84785287168.0,write,271.98,69632.0,2e-05,28311552.0,4.0,0.023025,297.27,0.000977,297.3,0,1625086699.0,random,2,16,8,4096.0,463856467968.0,1625086998,ior-n2p8T45-write.4.out
1626289192.0,10196582400.0,read,211.5,54153.0,6e-06,28311552.0,4.0,0.008558,45.97,0.000106,45.98,0,1626289192.0,random,4,64,16,4096.0,1858174650941.44,1626289238,ior-n4p16T45-read.0.out
1626289312.0,10276548608.0,read,213.13,54564.0,6e-06,28311552.0,4.0,0.001857,45.98,6.3e-05,45.98,0,1626289312.0,random,4,64,16,4096.0,1858174650941.44,1626289358,ior-n4p16T45-read.1.out
1626289432.0,10272165888.0,read,213.06,54547.0,6e-06,28311552.0,4.0,0.002119,45.98,5.6e-05,45.98,0,1626289432.0,random,4,64,16,4096.0,1858174650941.44,1626289478,ior-n4p16T45-read.2.out
1626289553.0,10332168192.0,read,214.23,54846.0,6e-06,28311552.0,4.0,0.003289,45.99,0.000101,46.0,0,1626289553.0,random,4,64,16,4096.0,1858174650941.44,1626289599,ior-n4p16T45-read.3.out
1626289673.0,10388488192.0,read,215.45,55159.0,6e-06,28311552.0,4.0,0.003183,45.98,8.9e-05,45.98,0,1626289673.0,random,4,64,16,4096.0,1858174650941.44,1626289719,ior-n4p16T45-read.4.out
1621369674.0,263806783488.0,write,603.86,154611.0,4.4e-05,28311552.0,4.0,0.061537,416.57,0.000552,416.63,0,1621369674.0,random,4,64,16,4096.0,1858174650941.44,1621370093,ior-n4p16T45-write.0.out
1625077441.0,275705028608.0,write,545.62,139700.0,6.4e-05,28311552.0,4.0,0.074388,481.82,0.000693,481.9,0,1625077441.0,random,4,64,16,4096.0,1858174650941.44,1625077925,ior-n4p16T45-write.1.out
1625078029.0,275981324288.0,write,408.94,104706.0,3.3e-05,28311552.0,4.0,0.099318,643.5,0.001544,643.6,0,1625078029.0,random,4,64,16,4096.0,1858174650941.44,1625078674,ior-n4p16T45-write.2.out
1625078678.0,273983975424.0,write,453.09,116013.0,5.5e-05,28311552.0,4.0,0.101425,576.58,0.000712,576.68,0,1625078678.0,random,4,64,16,4096.0,1858174650941.44,1625079256,ior-n4p16T45-write.3.out
1625079590.0,275510038528.0,write,468.81,120029.0,6.1e-05,28311552.0,4.0,0.067509,560.39,0.00062,560.46,0,1625079590.0,random,4,64,16,4096.0,1858174650941.44,1625080152,ior-n4p16T45-write.4.out
1626291593.0,591486976.0,read,12.4,3175.74,6e-06,28311552.0,4.0,0.003243,45.47,0.000249,45.47,0,1626291593.0,random,4,4,1,4096.0,115964116992.0,1626291638,ior-n4p1T45-read.0.out
1626291713.0,590815232.0,read,12.38,3169.85,6e-06,28311552.0,4.0,0.002492,45.5,3.3e-05,45.51,0,1626291713.0,random,4,4,1,4096.0,115964116992.0,1626291758,ior-n4p1T45-read.1.out
1626291833.0,591118336.0,read,12.4,3175.57,6e-06,28311552.0,4.0,0.001442,45.45,3.2e-05,45.45,0,1626291833.0,random,4,4,1,4096.0,115964116992.0,1626291878,ior-n4p1T45-read.2.out
1626291954.0,596865024.0,read,12.5,3199.57,6e-06,28311552.0,4.0,0.002332,45.54,1.8e-05,45.55,0,1626291954.0,random,4,4,1,4096.0,115964116992.0,1626292000,ior-n4p1T45-read.3.out
1626292074.0,599220224.0,read,12.57,3219.04,6e-06,28311552.0,4.0,0.003975,45.45,1.9e-05,45.45,0,1626292074.0,random,4,4,1,4096.0,115964116992.0,1626292120,ior-n4p1T45-read.4.out
1621371047.0,38511312896.0,write,199.0,50947.0,2.4e-05,28311552.0,4.0,0.006032,184.55,0.00035,184.56,0,1621371047.0,random,4,4,1,4096.0,115964116992.0,1621371233,ior-n4p1T45-write.0.out
1625083237.0,38146265088.0,write,209.13,53540.0,1.4e-05,28311552.0,4.0,0.006092,173.94,0.000386,173.95,0,1625083237.0,random,4,4,1,4096.0,115964116992.0,1625083412,ior-n4p1T45-write.1.out
1625083430.0,38522884096.0,write,219.14,56104.0,2.4e-05,28311552.0,4.0,0.00743,167.64,0.00036,167.64,0,1625083430.0,random,4,4,1,4096.0,115964116992.0,1625083599,ior-n4p1T45-write.2.out
1625083670.0,38344593408.0,write,201.87,51680.0,2.4e-05,28311552.0,4.0,0.005855,181.14,0.000339,181.15,0,1625083670.0,random,4,4,1,4096.0,115964116992.0,1625083852,ior-n4p1T45-write.3.out
1625083910.0,45134323712.0,write,208.69,53428.0,2.9e-05,28311552.0,4.0,0.00841,206.24,0.00062,206.25,0,1625083910.0,random,4,4,1,4096.0,115964116992.0,1625084118,ior-n4p1T45-write.4.out
1626290993.0,1227395072.0,read,25.52,6533.0,6e-06,28311552.0,4.0,0.003506,45.87,3.5e-05,45.87,0,1626290993.0,random,4,8,2,4096.0,231928233984.0,1626291038,ior-n4p2T45-read.0.out
1626291113.0,1237422080.0,read,25.72,6585.0,6e-06,28311552.0,4.0,0.003241,45.88,2.9e-05,45.88,0,1626291113.0,random,4,8,2,4096.0,231928233984.0,1626291158,ior-n4p2T45-read.1.out
1626291233.0,1248976896.0,read,25.96,6646.0,6e-06,28311552.0,4.0,0.001248,45.88,2.7e-05,45.88,0,1626291233.0,random,4,8,2,4096.0,231928233984.0,1626291279,ior-n4p2T45-read.2.out
1626291353.0,1249947648.0,read,25.92,6635.0,6e-06,28311552.0,4.0,0.003459,45.99,2.4e-05,46.0,0,1626291353.0,random,4,8,2,4096.0,231928233984.0,1626291399,ior-n4p2T45-read.3.out
1626291473.0,1267003392.0,read,26.27,6726.0,6e-06,28311552.0,4.0,0.000954,45.99,2.4e-05,45.99,0,1626291473.0,random,4,8,2,4096.0,231928233984.0,1626291519,ior-n4p2T45-read.4.out
1621370810.0,37593612288.0,write,271.41,69488.0,1.8e-05,28311552.0,4.0,0.009822,132.08,0.000923,132.09,0,1621370810.0,random,4,8,2,4096.0,231928233984.0,1621370942,ior-n4p2T45-write.0.out
1625082677.0,37107630080.0,write,292.7,74936.0,1.6e-05,28311552.0,4.0,0.009051,120.9,0.000831,120.91,0,1625082677.0,random,4,8,2,4096.0,231928233984.0,1625082798,ior-n4p2T45-write.1.out
1625082800.0,37066846208.0,write,222.82,57046.0,2.2e-05,28311552.0,4.0,0.008621,158.64,0.000804,158.64,0,1625082800.0,random,4,8,2,4096.0,231928233984.0,1625082959,ior-n4p2T45-write.2.out
1625082960.0,37335621632.0,write,308.15,78894.0,1.5e-05,28311552.0,4.0,0.009667,115.54,0.000678,115.55,0,1625082960.0,random,4,8,2,4096.0,231928233984.0,1625083077,ior-n4p2T45-write.3.out
1625083078.0,37068529664.0,write,224.64,57512.0,2.1e-05,28311552.0,4.0,0.009847,157.36,0.000981,157.37,0,1625083078.0,random,4,8,2,4096.0,231928233984.0,1625083237,ior-n4p2T45-write.4.out
1626290392.0,2504933376.0,read,51.97,13305.0,6e-06,28311552.0,4.0,0.004215,45.96,4.5e-05,45.97,0,1626290392.0,random,4,16,4,4096.0,463856467968.0,1626290438,ior-n4p4T45-read.0.out
1626290512.0,2520711168.0,read,52.37,13407.0,6e-06,28311552.0,4.0,0.003169,45.9,3.7e-05,45.91,0,1626290512.0,random,4,16,4,4096.0,463856467968.0,1626290558,ior-n4p4T45-read.1.out
1626290632.0,2529832960.0,read,52.49,13439.0,6e-06,28311552.0,4.0,0.004829,45.96,3.1e-05,45.96,0,1626290632.0,random,4,16,4,4096.0,463856467968.0,1626290678,ior-n4p4T45-read.2.out
1626290752.0,2548707328.0,read,52.94,13554.0,6e-06,28311552.0,4.0,0.001279,45.91,7.5e-05,45.91,0,1626290752.0,random,4,16,4,4096.0,463856467968.0,1626290798,ior-n4p4T45-read.3.out
1626290872.0,2558373888.0,read,53.09,13592.0,6e-06,28311552.0,4.0,0.001038,45.96,2.8e-05,45.96,0,1626290872.0,random,4,16,4,4096.0,463856467968.0,1626290918,ior-n4p4T45-read.4.out
1621370567.0,74646224896.0,write,309.74,79300.0,1.8e-05,28311552.0,4.0,0.02096,229.81,0.000901,229.83,0,1621370567.0,random,4,16,4,4096.0,463856467968.0,1621370798,ior-n4p4T45-write.0.out
1625081884.0,74146152448.0,write,261.06,66840.0,3.8e-05,28311552.0,4.0,0.033023,270.83,0.000821,270.86,0,1625081884.0,random,4,16,4,4096.0,463856467968.0,1625082156,ior-n4p4T45-write.1.out
1625082157.0,74582040576.0,write,502.36,128633.0,1.7e-05,28311552.0,4.0,0.029223,141.55,0.000898,141.58,0,1625082157.0,random,4,16,4,4096.0,463856467968.0,1625082300,ior-n4p4T45-write.2.out
1625082302.0,74638094336.0,write,437.71,112085.0,2.3e-05,28311552.0,4.0,0.041884,162.57,0.001011,162.62,0,1625082302.0,random,4,16,4,4096.0,463856467968.0,1625082466,ior-n4p4T45-write.3.out
1625082468.0,74483490816.0,write,348.12,89127.0,2.9e-05,28311552.0,4.0,0.020032,204.03,0.000559,204.05,0,1625082468.0,random,4,16,4,4096.0,463856467968.0,1625082673,ior-n4p4T45-write.4.out
1626289792.0,4938559488.0,read,102.49,26241.0,6e-06,28311552.0,4.0,0.007362,45.95,8.5e-05,45.95,0,1626289792.0,random,4,32,8,4096.0,927712935936.0,1626289838,ior-n4p8T45-read.0.out
1626289912.0,4973441024.0,read,103.23,26428.0,6e-06,28311552.0,4.0,0.002299,45.94,4.9e-05,45.95,0,1626289912.0,random,4,32,8,4096.0,927712935936.0,1626289958,ior-n4p8T45-read.1.out
1626290032.0,5013225472.0,read,104.03,26634.0,6e-06,28311552.0,4.0,0.00188,45.95,4.5e-05,45.96,0,1626290032.0,random,4,32,8,4096.0,927712935936.0,1626290078,ior-n4p8T45-read.2.out
1626290152.0,5021335552.0,read,104.22,26682.0,6e-06,28311552.0,4.0,0.004402,45.95,0.000242,45.95,0,1626290152.0,random,4,32,8,4096.0,927712935936.0,1626290198,ior-n4p8T45-read.3.out
1626290272.0,5047619584.0,read,104.71,26809.0,6e-06,28311552.0,4.0,0.003219,45.97,3.6e-05,45.97,0,1626290272.0,random,4,32,8,4096.0,927712935936.0,1626290318,ior-n4p8T45-read.4.out
1621370178.0,152740106240.0,write,544.03,139293.0,2.8e-05,28311552.0,4.0,0.035284,267.71,0.002382,267.75,0,1621370178.0,random,4,32,8,4096.0,927712935936.0,1621370447,ior-n4p8T45-write.0.out
1625080189.0,148652199936.0,write,475.13,121651.0,3.7e-05,28311552.0,4.0,0.039018,298.33,0.002819,298.37,0,1625080189.0,random,4,32,8,4096.0,927712935936.0,1625080489,ior-n4p8T45-write.1.out
1625080550.0,153898369024.0,write,405.78,103890.0,4.5e-05,28311552.0,4.0,0.036277,361.66,0.00252,361.7,0,1625080550.0,random,4,32,8,4096.0,927712935936.0,1625080913,ior-n4p8T45-write.2.out
1625081030.0,153517092864.0,write,409.38,104813.0,4e-05,28311552.0,4.0,0.041808,357.59,0.000551,357.63,0,1625081030.0,random,4,32,8,4096.0,927712935936.0,1625081389,ior-n4p8T45-write.3.out
1625081510.0,151090151424.0,write,388.68,99518.0,5e-05,28311552.0,4.0,0.047157,370.66,0.011898,370.72,0,1625081510.0,random,4,32,8,4096.0,927712935936.0,1625081882,ior-n4p8T45-write.4.out
1626286070.0,18458488832.0,read,382.64,97964.0,6e-06,28311552.0,4.0,0.004268,46.0,0.000173,46.01,0,1626286070.0,random,8,128,16,4096.0,3716349301882.88,1626286116,ior-n8p16T45-read.0.out
1626286190.0,19846217728.0,read,410.14,105013.0,7e-06,28311552.0,4.0,0.007839,46.14,9.1e-05,46.15,0,1626286190.0,random,8,128,16,4096.0,3716349301882.88,1626286237,ior-n8p16T45-read.1.out
1626286310.0,18848129024.0,read,388.56,99479.0,7e-06,28311552.0,4.0,0.002051,46.26,0.001862,46.26,0,1626286310.0,random,8,128,16,4096.0,3716349301882.88,1626286357,ior-n8p16T45-read.2.out
1626286431.0,19817992192.0,read,410.77,105167.0,6e-06,28311552.0,4.0,0.00422,46.01,7.2e-05,46.01,0,1626286431.0,random,8,128,16,4096.0,3716349301882.88,1626286477,ior-n8p16T45-read.3.out
1626286551.0,19762626560.0,read,409.43,104839.0,6e-06,28311552.0,4.0,0.011077,46.02,0.000134,46.03,0,1626286551.0,random,8,128,16,4096.0,3716349301882.88,1626286597,ior-n8p16T45-read.4.out
1621355541.0,506606354432.0,write,557.18,142663.0,7.2e-05,28311552.0,4.0,0.150367,866.96,0.001213,867.11,0,1621355538.0,random,8,128,16,4096.0,3716349301882.88,1621356410,ior-n8p16T45-write.0.out
1625791609.0,507381411840.0,write,554.94,142092.0,0.000113,28311552.0,4.0,0.162203,871.78,0.001103,871.94,0,1625791608.0,random,8,128,16,4096.0,3716349301882.88,1625792482,ior-n8p16T45-write.1.out
1625792486.0,501744631808.0,write,556.12,142387.0,7.8e-05,28311552.0,4.0,0.120695,860.31,0.001645,860.43,0,1625792486.0,random,8,128,16,4096.0,3716349301882.88,1625793348,ior-n8p16T45-write.2.out
1625070390.0,493685915648.0,write,574.54,147116.0,4.8e-05,28311552.0,4.0,0.181979,819.28,0.001239,819.46,0,1625070390.0,random,8,128,16,4096.0,3716349301882.88,1625071211,ior-n8p16T45-write.3.out
1625793455.0,511251021824.0,write,574.41,147070.0,7.6e-05,28311552.0,4.0,0.118929,848.69,0.005399,848.82,0,1625793455.0,random,8,128,16,4096.0,3716349301882.88,1625794306,ior-n8p16T45-write.4.out
1626288591.0,1127428096.0,read,23.52,6023.0,6e-06,28311552.0,4.0,0.007369,45.7,3.6e-05,45.71,0,1626288591.0,random,8,8,1,4096.0,231928233984.0,1626288636,ior-n8p1T45-read.0.out
1626288711.0,1139486720.0,read,23.83,6100.0,6e-06,28311552.0,4.0,0.003409,45.6,3.5e-05,45.61,0,1626288711.0,random,8,8,1,4096.0,231928233984.0,1626288756,ior-n8p1T45-read.1.out
1626288831.0,1143095296.0,read,23.85,6107.0,6e-06,28311552.0,4.0,0.002845,45.7,0.000639,45.7,0,1626288831.0,random,8,8,1,4096.0,231928233984.0,1626288877,ior-n8p1T45-read.2.out
1626288951.0,1143218176.0,read,23.84,6103.0,6e-06,28311552.0,4.0,0.003401,45.74,4e-05,45.74,0,1626288951.0,random,8,8,1,4096.0,231928233984.0,1626288997,ior-n8p1T45-read.3.out
1626289071.0,1140056064.0,read,23.84,6102.0,6e-06,28311552.0,4.0,0.00291,45.61,6.3e-05,45.61,0,1626289071.0,random,8,8,1,4096.0,231928233984.0,1626289117,ior-n8p1T45-read.4.out
1621369313.0,83119800320.0,write,316.16,80939.0,3.5e-05,28311552.0,4.0,0.008571,250.72,0.000394,250.73,0,1621369313.0,random,8,8,1,4096.0,231928233984.0,1621369565,ior-n8p1T45-write.0.out
1625076551.0,86541533184.0,write,338.24,86592.0,2.8e-05,28311552.0,4.0,0.009487,244.0,0.0005,244.01,0,1625076551.0,random,8,8,1,4096.0,231928233984.0,1625076797,ior-n8p1T45-write.1.out
1625076798.0,76719792128.0,write,279.8,71633.0,2.4e-05,28311552.0,4.0,0.012963,261.48,0.000403,261.49,0,1625076798.0,random,8,8,1,4096.0,231928233984.0,1625077060,ior-n8p1T45-write.2.out
1625077062.0,76610719744.0,write,391.79,100302.0,2.4e-05,28311552.0,4.0,0.008733,186.47,0.000382,186.48,0,1625077062.0,random,8,8,1,4096.0,231928233984.0,1625077249,ior-n8p1T45-write.3.out
1625077250.0,76510662656.0,write,389.11,99617.0,2.6e-05,28311552.0,4.0,0.008982,187.51,0.000405,187.52,0,1625077250.0,random,8,8,1,4096.0,231928233984.0,1625077439,ior-n8p1T45-write.4.out
1626287991.0,2392915968.0,read,49.45,12661.0,6e-06,28311552.0,4.0,0.006738,46.14,5.5e-05,46.15,0,1626287991.0,random,8,16,2,4096.0,463856467968.0,1626288037,ior-n8p2T45-read.0.out
1626288111.0,2429001728.0,read,50.0,12801.0,6e-06,28311552.0,4.0,0.005654,46.32,3.5e-05,46.33,0,1626288111.0,random,8,16,2,4096.0,463856467968.0,1626288157,ior-n8p2T45-read.1.out
1626288231.0,2407682048.0,read,49.76,12740.0,6e-06,28311552.0,4.0,0.003401,46.14,0.000279,46.14,0,1626288231.0,random,8,16,2,4096.0,463856467968.0,1626288277,ior-n8p2T45-read.2.out
1626288351.0,2416234496.0,read,50.05,12813.0,6e-06,28311552.0,4.0,0.00223,46.04,3.4e-05,46.04,0,1626288351.0,random,8,16,2,4096.0,463856467968.0,1626288397,ior-n8p2T45-read.3.out
1626288471.0,2433548288.0,read,50.4,12904.0,6e-06,28311552.0,4.0,0.003464,46.04,3.6e-05,46.04,0,1626288471.0,random,8,16,2,4096.0,463856467968.0,1626288517,ior-n8p2T45-read.4.out
1621369073.0,74590920704.0,write,393.12,100649.0,1.7e-05,28311552.0,4.0,0.016328,180.93,0.001449,180.95,0,1621369073.0,random,8,16,2,4096.0,463856467968.0,1621369255,ior-n8p2T45-write.0.out
1625075747.0,74507595776.0,write,389.99,99848.0,2.1e-05,28311552.0,4.0,0.017684,182.18,0.000716,182.2,0,1625075747.0,random,8,16,2,4096.0,463856467968.0,1625075930,ior-n8p2T45-write.1.out
1625075954.0,74144632832.0,write,436.84,111843.0,2.2e-05,28311552.0,4.0,0.017274,161.85,0.000782,161.87,0,1625075954.0,random,8,16,2,4096.0,463856467968.0,1625076116,ior-n8p2T45-write.2.out
1625076118.0,74173095936.0,write,298.07,76314.0,3.4e-05,28311552.0,4.0,0.019637,237.29,0.000467,237.31,0,1625076118.0,random,8,16,2,4096.0,463856467968.0,1625076356,ior-n8p2T45-write.3.out
1625076358.0,74118443008.0,write,370.81,94936.0,1.9e-05,28311552.0,4.0,0.015807,190.61,0.000736,190.62,0,1625076358.0,random,8,16,2,4096.0,463856467968.0,1625076550,ior-n8p2T45-write.4.out
1626287270.0,4841500672.0,read,99.22,25402.0,6e-06,28311552.0,4.0,0.003164,46.53,6.2e-05,46.54,0,1626287270.0,random,8,32,4,4096.0,927712935936.0,1626287317,ior-n8p4T45-read.0.out
1626287390.0,4909740032.0,read,101.02,25863.0,6e-06,28311552.0,4.0,0.003413,46.35,3.5e-05,46.35,0,1626287390.0,random,8,32,4,4096.0,927712935936.0,1626287437,ior-n8p4T45-read.1.out
1626287510.0,4802195456.0,read,99.47,25467.0,6e-06,28311552.0,4.0,0.004427,46.04,3.9e-05,46.04,0,1626287510.0,random,8,32,4,4096.0,927712935936.0,1626287557,ior-n8p4T45-read.2.out
1626287755.0,4886609920.0,read,101.22,25913.0,6e-06,28311552.0,4.0,0.003181,46.04,6.2e-05,46.04,0,1626287755.0,random,8,32,4,4096.0,927712935936.0,1626287801,ior-n8p4T45-read.3.out
1626287872.0,4802252800.0,read,99.42,25453.0,6e-06,28311552.0,4.0,0.004828,46.06,0.000402,46.07,0,1626287872.0,random,8,32,4,4096.0,927712935936.0,1626287918,ior-n8p4T45-read.4.out
1621368593.0,148581023744.0,write,456.33,116833.0,2.4e-05,28311552.0,4.0,0.035259,310.48,0.000767,310.52,0,1621368593.0,random,8,32,4,4096.0,927712935936.0,1621368904,ior-n8p4T45-write.0.out
1625074427.0,148922146816.0,write,514.96,131867.0,2e-05,28311552.0,4.0,0.076244,275.72,0.00223,275.8,0,1625074426.0,random,8,32,4,4096.0,927712935936.0,1625074703,ior-n8p4T45-write.1.out
1625074705.0,148669644800.0,write,513.51,131482.0,3.9e-05,28311552.0,4.0,0.046562,276.06,0.00182,276.11,0,1625074705.0,random,8,32,4,4096.0,927712935936.0,1625074982,ior-n8p4T45-write.2.out
1625075027.0,148191256576.0,write,396.75,101579.0,2.1e-05,28311552.0,4.0,0.033201,356.17,0.000814,356.21,0,1625075027.0,random,8,32,4,4096.0,927712935936.0,1625075384,ior-n8p4T45-write.3.out
1625075387.0,149273468928.0,write,469.3,120154.0,2.5e-05,28311552.0,4.0,0.035251,303.31,0.000596,303.34,0,1625075387.0,random,8,32,4,4096.0,927712935936.0,1625075691,ior-n8p4T45-write.4.out
1626286670.0,9607372800.0,read,161.67,41395.0,6e-06,28311552.0,4.0,0.005207,56.66,0.00642,56.67,0,1626286670.0,random,8,64,8,4096.0,1858174650941.44,1626286727,ior-n8p8T45-read.0.out
1626286790.0,10118696960.0,read,209.29,53586.0,6e-06,28311552.0,4.0,0.006203,46.1,0.000133,46.11,0,1626286790.0,random,8,64,8,4096.0,1858174650941.44,1626286837,ior-n8p8T45-read.1.out
1626286910.0,9379377152.0,read,193.12,49446.0,7e-06,28311552.0,4.0,0.006141,46.31,0.000414,46.32,0,1626286910.0,random,8,64,8,4096.0,1858174650941.44,1626286957,ior-n8p8T45-read.2.out
1626287030.0,10159742976.0,read,208.26,53318.0,6e-06,28311552.0,4.0,0.001963,46.52,0.000168,46.52,0,1626287030.0,random,8,64,8,4096.0,1858174650941.44,1626287077,ior-n8p8T45-read.3.out
1626287151.0,10143895552.0,read,208.05,53273.0,6e-06,28311552.0,4.0,0.010897,46.49,0.000471,46.5,0,1626287151.0,random,8,64,8,4096.0,1858174650941.44,1626287197,ior-n8p8T45-read.4.out
1621367696.0,300749381632.0,write,509.4,130420.0,6.4e-05,28311552.0,4.0,0.053212,562.99,0.001125,563.04,0,1621367696.0,random,8,64,8,4096.0,1858174650941.44,1621368260,ior-n8p8T45-write.0.out
1625072139.0,299040567296.0,write,488.24,125004.0,5.8e-05,28311552.0,4.0,0.064441,584.04,0.002577,584.11,0,1625072139.0,random,8,64,8,4096.0,1858174650941.44,1625072725,ior-n8p8T45-write.1.out
1625072728.0,299980500992.0,write,480.73,123084.0,4.5e-05,28311552.0,4.0,0.075564,595.02,0.003002,595.1,0,1625072728.0,random,8,64,8,4096.0,1858174650941.44,1625073324,ior-n8p8T45-write.2.out
1625073327.0,297237708800.0,write,581.24,148828.0,4.5e-05,28311552.0,4.0,0.100248,487.59,0.001346,487.7,0,1625073327.0,random,8,64,8,4096.0,1858174650941.44,1625073816,ior-n8p8T45-write.3.out
1625073822.0,299825958912.0,write,553.16,141629.0,6.8e-05,28311552.0,4.0,0.074001,516.84,0.000885,516.92,0,1625073822.0,random,8,64,8,4096.0,1858174650941.44,1625074341,ior-n8p8T45-write.4.out
